<beans xmlns="http://www.springframework.org/schema/beans"
       xmlns:xsi="http://www.w3.org/2001/XMLSchema-instance"
       xsi:schemaLocation="http://www.springframework.org/schema/beans
       http://www.springframework.org/schema/beans/spring-beans.xsd">
    <bean class="firstspring.Employee" name="emp1">
        <property name="id">
            <value>1</value>
        </property>

        <property name="name">
            <value>Sat</value>
        </property>

    </bean>
</beans>
